<?xml version="1.0" encoding="utf-8"?>
<!--

    Copyright (c) 2009, 2010, B3log Team

    Licensed under the Apache License, Version 2.0 (the "License");
    you may not use this file except in compliance with the License.
    You may obtain a copy of the License at

        http://www.apache.org/licenses/LICENSE-2.0

    Unless required by applicable law or agreed to in writing, software
    distributed under the License is distributed on an "AS IS" BASIS,
    WITHOUT WARRANTIES OR CONDITIONS OF ANY KIND, either express or implied.
    See the License for the specific language governing permissions and
    limitations under the License.

-->

<!--
    Description: Web deployment descriptor for GAE. See
                 http://code.google.com/intl/en/appengine/docs/java/config/appconfig.html
                 for more details.
    Version: 1.0.1.5, Nov 30, 2010
    Author: Liang Ding
-->
<appengine-web-app xmlns="http://appengine.google.com/ns/1.0">
    <application>solo-demo</application>
    <version>021</version>
    <sessions-enabled>true</sessions-enabled>

    <system-properties>
        <property name="java.util.logging.config.file" value="WEB-INF/classes/logging.properties" />
    </system-properties>
    
    <static-files>
        <include path="/favicon.ico" />
        <include path="/favicon.png" />
        <include path="/robots.txt" />
        <include path="/js/**.js" />
        <include path="/js/**.css" />
        <include path="/js/**.htm" />
        <include path="/js/**.html" />
        <include path="/js/**.gif" />
        <include path="/skins/**.css" />
        <include path="/skins/**.png" />
        <include path="/skins/**.jpg" />
        <include path="/skins/**.swf" />
        <include path="/styles/**.css" />
        <include path="/images/**.png" />
    </static-files>
</appengine-web-app>

