<?xml version="1.0" encoding="UTF-8"?>
<!--

    Copyright (c) 2009, 2010, B3log Team

    Licensed under the Apache License, Version 2.0 (the "License");
    you may not use this file except in compliance with the License.
    You may obtain a copy of the License at

        http://www.apache.org/licenses/LICENSE-2.0

    Unless required by applicable law or agreed to in writing, software
    distributed under the License is distributed on an "AS IS" BASIS,
    WITHOUT WARRANTIES OR CONDITIONS OF ANY KIND, either express or implied.
    See the License for the specific language governing permissions and
    limitations under the License.

-->

<!--
    Description: Cron job for GAE. See
                 http://code.google.com/intl/en/appengine/docs/java/config/cron.html
                 for more details.
    Version: 1.0.0.2, Nov13, 2010
    Author: Liang Ding
-->
<cronentries>
    
    <cron>
        <url>/live.do</url>
        <description>Avoiding Solo to shutdown on GAE.</description>
        <schedule>every 1 minutes</schedule>
    </cron>

    <!-- Issue 15: http://code.google.com/p/b3log-solo/issues/detail?id=15
    <cron>
        <url>/upgrade/v010-v011.do</url>
        <description>Upgrade from v010 to v011.</description>
        <schedule>every 10 minutes</schedule>
    </cron>
    -->
</cronentries>
