<?xml version="1.0" encoding="UTF-8"?>
<!--

    Copyright (c) 2009, 2010, 2011, 2012, B3log Team

    Licensed under the Apache License, Version 2.0 (the "License");
    you may not use this file except in compliance with the License.
    You may obtain a copy of the License at

        http://www.apache.org/licenses/LICENSE-2.0

    Unless required by applicable law or agreed to in writing, software
    distributed under the License is distributed on an "AS IS" BASIS,
    WITHOUT WARRANTIES OR CONDITIONS OF ANY KIND, either express or implied.
    See the License for the specific language governing permissions and
    limitations under the License.

-->
<!--
    Description: Cron job configurations on GAE. See
                 http://code.google.com/intl/en/appengine/docs/java/config/cron.html
                 for more details.
    Version: 1.0.1.1, Nov 17, 2011
    Author: Liang Ding
-->
<cronentries>
    
    <cron>
        <url>/upgrade/checker.do</url>
        <description>Upgrade checker, see issue 257 (http://code.google.com/p/b3log-solo/issues/detail?id=257).</description>
        <schedule>every 5 minutes</schedule>
    </cron>
    
    <cron>
        <url>/console/stat/viewcnt</url>
        <description>Async Blog/Article counter</description>
        <schedule>every 30 minutes</schedule>
    </cron>

    <!-- http://code.google.com/p/b3log-solo/issues/detail?id=308#c4
    <cron>
        <url>/article-random-double-gen.do?cnt=10</url>
        <description>Regenerate article random double.</description>
        <schedule>every 1 hours</schedule>
    </cron>
    -->
</cronentries>
