<?xml version="1.0" encoding="UTF-8"?>
<!--

    Copyright (c) 2009, 2010, 2011, 2012, B3log Team

    Licensed under the Apache License, Version 2.0 (the "License");
    you may not use this file except in compliance with the License.
    You may obtain a copy of the License at

        http://www.apache.org/licenses/LICENSE-2.0

    Unless required by applicable law or agreed to in writing, software
    distributed under the License is distributed on an "AS IS" BASIS,
    WITHOUT WARRANTIES OR CONDITIONS OF ANY KIND, either express or implied.
    See the License for the specific language governing permissions and
    limitations under the License.

-->
<!--
    Description: Task queue configurations on GAE. See
                 https://code.google.com/appengine/docs/java/config/queue.html
                 for more details.
    Version: 1.0.1.2, Feb 21, 2012
    Author: Liang Ding
-->
<queue-entries>
    <!--
    <queue>
        <name>request-stat-queue</name>
        <rate>20/m</rate>
        <bucket-size>60</bucket-size>
        <retry-parameters>
            <task-retry-limit>7</task-retry-limit>
        </retry-parameters>
    </queue>
    -->
    
    <queue>
        <name>fix-queue</name>
        <rate>20/m</rate>
        <retry-parameters>
            <task-retry-limit>7</task-retry-limit>
        </retry-parameters>
    </queue>
</queue-entries>
