<?xml version="1.0" encoding="utf-8"?>
<!--

    Copyright (c) 2009, 2010, 2011, 2012, 2013, B3log Team

    Licensed under the Apache License, Version 2.0 (the "License");
    you may not use this file except in compliance with the License.
    You may obtain a copy of the License at

        http://www.apache.org/licenses/LICENSE-2.0

    Unless required by applicable law or agreed to in writing, software
    distributed under the License is distributed on an "AS IS" BASIS,
    WITHOUT WARRANTIES OR CONDITIONS OF ANY KIND, either express or implied.
    See the License for the specific language governing permissions and
    limitations under the License.

-->
<!--
    Description: Web deployment descriptor on BAE. See
                 http://developer.baidu.com/wiki/index.php?title=%E5%B8%AE%E5%8A%A9%E6%96%87%E6%A1%A3%E9%A6%96%E9%A1%B5/%E4%BA%91%E7%8E%AF%E5%A2%83/JAVA%E5%BA%94%E7%94%A8%E7%A8%8B%E5%BA%8F%E9%85%8D%E7%BD%AE
                 for more details.
    Version: 1.0.0.0, Aug 27, 2012
    Author: Liang Ding
-->
<du-web-app xmlns="http://bae.baidu.com/java/1.0">
    <sessions-enabled>true</sessions-enabled>
    
    <system-properties>
        <property name="java.util.logging.level" value="FINEST"/>
    </system-properties>
    
    <static-files>
        <exclude path="/**.html" />
    </static-files>
</du-web-app>