<?xml version="1.0" encoding="utf-8"?>
<!--

    Copyright (c) 2009, 2010, 2011, B3log Team

    Licensed under the Apache License, Version 2.0 (the "License");
    you may not use this file except in compliance with the License.
    You may obtain a copy of the License at

        http://www.apache.org/licenses/LICENSE-2.0

    Unless required by applicable law or agreed to in writing, software
    distributed under the License is distributed on an "AS IS" BASIS,
    WITHOUT WARRANTIES OR CONDITIONS OF ANY KIND, either express or implied.
    See the License for the specific language governing permissions and
    limitations under the License.

-->
<!--
    Description: Datastore index configuration for GAE. See
                 http://code.google.com/intl/en/appengine/docs/java/config/indexconfig.html
                 for more details.
    Version: 1.0.1.6, Aug 10, 2011
    Author: Liang Ding
-->
<datastore-indexes autoGenerate="true">

    <datastore-index kind="article" ancestor="false" source="auto">
        <property name="articleIsPublished" direction="asc"/>
        <property name="articleCreateDate" direction="desc"/>
    </datastore-index>

    <datastore-index kind="article" ancestor="false" source="auto">
        <property name="articleIsPublished" direction="asc"/>
        <property name="articleCreateDate" direction="asc"/>
    </datastore-index>

    <datastore-index kind="article_comment" ancestor="false" source="auto">
        <property name="article_oId" direction="asc"/>
        <property name="oId" direction="desc"/>
    </datastore-index>

    <datastore-index kind="tag_article" ancestor="false" source="auto">
        <property name="tag_oId" direction="asc"/>
        <property name="article_oId" direction="desc"/>
    </datastore-index>
    
    <datastore-index kind="article" ancestor="false" source="auto">
        <property name="articleIsPublished" direction="asc"/>
        <property name="articleCommentCount" direction="desc"/>
        <property name="articleUpdateDate" direction="desc"/>
    </datastore-index>
    
    <datastore-index kind="article" ancestor="false" source="auto">
        <property name="articleIsPublished" direction="asc"/>
        <property name="articleViewCount" direction="desc"/>
        <property name="articleUpdateDate" direction="desc"/>
    </datastore-index>

    <datastore-index kind="article" ancestor="false" source="auto">
        <property name="articleIsPublished" direction="asc"/>
        <property name="articlePutTop" direction="desc"/>
        <property name="articleUpdateDate" direction="desc"/>
    </datastore-index>

    <datastore-index kind="article" ancestor="false" source="auto">
        <property name="articleIsPublished" direction="asc"/>
        <property name="articlePutTop" direction="desc"/>
        <property name="articleCreateDate" direction="desc"/>
    </datastore-index>

    <datastore-index kind="archiveDate_article" ancestor="false" source="auto">
        <property name="archiveDate_oId" direction="asc"/>
        <property name="article_oId" direction="desc"/>
    </datastore-index>

    <datastore-index kind="article" ancestor="false" source="auto">
        <property name="articleAuthorEmail" direction="asc"/>
        <property name="articleIsPublished" direction="asc"/>
        <property name="articlePutTop" direction="desc"/>
        <property name="articleUpdateDate" direction="desc"/>
    </datastore-index>

    <datastore-index kind="page_comment" ancestor="false" source="auto">
        <property name="page_oId" direction="asc"/>
        <property name="oId" direction="desc"/>
    </datastore-index>
    
    <datastore-index kind="article" ancestor="false" source="auto">
        <property name="articleAuthorEmail" direction="asc"/>
        <property name="articleUpdateDate" direction="desc"/>
    </datastore-index>
    
    <datastore-index kind="article" ancestor="false" source="auto">
        <property name="articleIsPublished" direction="asc"/>
        <property name="articleRandomDouble" direction="asc"/>
    </datastore-index>
    
    <datastore-index kind="article" ancestor="false" source="auto">
        <property name="articleIsPublished" direction="asc"/>
        <property name="articleRandomDouble" direction="desc"/>
    </datastore-index>
    
</datastore-indexes>